{
  "frames": {
    "Untitled-22_0000_Group-61.png_0005_Untitled-22_0024_Group-28.png": {
      "frame": {
        "x": 1,
        "y": 1,
        "w": 345,
        "h": 345
      },
      "rotated": false,
      "trimmed": false,
      "spriteSourceSize": {
        "x": 0,
        "y": 0,
        "w": 345,
        "h": 345
      },
      "sourceSize": {
        "w": 345,
        "h": 345
      },
      "pivot": {
        "x": 0.5,
        "y": 0.5
      }
    },
    "Untitled-4_0000_basic-copy-5.png_0004_Untitled-4_0024_basic-copy-5.png": {
      "frame": {
        "x": 1,
        "y": 348,
        "w": 129,
        "h": 132
      },
      "rotated": false,
      "trimmed": true,
      "spriteSourceSize": {
        "x": 56,
        "y": 70,
        "w": 129,
        "h": 132
      },
      "sourceSize": {
        "w": 185,
        "h": 271
      },
      "pivot": {
        "x": 0.5,
        "y": 0.5
      }
    },
    "Untitled-25_0000_Untitled-12_0002_smile.png": {
      "frame": {
        "x": 132,
        "y": 348,
        "w": 119,
        "h": 124
      },
      "rotated": false,
      "trimmed": false,
      "spriteSourceSize": {
        "x": 0,
        "y": 0,
        "w": 119,
        "h": 124
      },
      "sourceSize": {
        "w": 119,
        "h": 124
      },
      "pivot": {
        "x": 0.5,
        "y": 0.5
      }
    },
    "right-brow.png": {
      "frame": {
        "x": 132,
        "y": 474,
        "w": 76,
        "h": 33
      },
      "rotated": false,
      "trimmed": false,
      "spriteSourceSize": {
        "x": 0,
        "y": 0,
        "w": 76,
        "h": 33
      },
      "sourceSize": {
        "w": 76,
        "h": 33
      },
      "pivot": {
        "x": 0.5,
        "y": 0.5
      }
    },
    "right-lashes.png": {
      "frame": {
        "x": 253,
        "y": 348,
        "w": 124,
        "h": 110
      },
      "rotated": true,
      "trimmed": false,
      "spriteSourceSize": {
        "x": 0,
        "y": 0,
        "w": 124,
        "h": 110
      },
      "sourceSize": {
        "w": 124,
        "h": 110
      },
      "pivot": {
        "x": 0.5,
        "y": 0.5
      }
    },
    "Untitled-23_0018_Untitled-6_0020_cda321dd2a4adc51efdaef4a7a9edf6c.png": {
      "frame": {
        "x": 348,
        "y": 1,
        "w": 199,
        "h": 177
      },
      "rotated": true,
      "trimmed": false,
      "spriteSourceSize": {
        "x": 0,
        "y": 0,
        "w": 199,
        "h": 177
      },
      "sourceSize": {
        "w": 199,
        "h": 177
      },
      "pivot": {
        "x": 0.5,
        "y": 0.5
      }
    },
    "Untitled-25_0001_Untitled-12_0001_normal-copy-11.png": {
      "frame": {
        "x": 348,
        "y": 202,
        "w": 119,
        "h": 102
      },
      "rotated": true,
      "trimmed": true,
      "spriteSourceSize": {
        "x": 0,
        "y": 0,
        "w": 119,
        "h": 102
      },
      "sourceSize": {
        "w": 119,
        "h": 124
      },
      "pivot": {
        "x": 0.5,
        "y": 0.5
      }
    },
    "Untitled-25_0002_Untitled-12_0000_sad-copy-14.png": {
      "frame": {
        "x": 365,
        "y": 323,
        "w": 117,
        "h": 95
      },
      "rotated": true,
      "trimmed": true,
      "spriteSourceSize": {
        "x": 2,
        "y": 8,
        "w": 117,
        "h": 95
      },
      "sourceSize": {
        "w": 119,
        "h": 124
      },
      "pivot": {
        "x": 0.5,
        "y": 0.5
      }
    },
    "right-lens.png": {
      "frame": {
        "x": 452,
        "y": 202,
        "w": 75,
        "h": 75
      },
      "rotated": false,
      "trimmed": false,
      "spriteSourceSize": {
        "x": 0,
        "y": 0,
        "w": 75,
        "h": 75
      },
      "sourceSize": {
        "w": 75,
        "h": 75
      },
      "pivot": {
        "x": 0.5,
        "y": 0.5
      }
    }
  },
  "meta": {
    "app": "http://free-tex-packer.com",
    "version": "0.6.7",
    "image": "texture C1.png",
    "format": "RGBA8888",
    "size": {
      "w": 1024,
      "h": 512
    },
    "scale": 1
  }
}